<?xml version="1.0" encoding="UTF-8" ?>
<!DOCTYPE tiles-definitions PUBLIC  
        "-//Apache Software Foundation//DTD Tiles Configuration 3.0//EN"  
        "http://tiles.apache.org/dtds/tiles-config_3_0.dtd">
<tiles-definitions>
	<definition name="admin-base.definition" template="/WEB-INF/layouts/admin-layout.jsp">
		<put-attribute name="body" value="" />
		<put-attribute name="title" value="" />
	</definition>

	<definition name="addBooks" extends="admin-base.definition">
		<put-attribute name="title" value="Books" />
		<put-attribute name="body" value="/WEB-INF/admin/addBooks.jsp" />
	</definition>


	<definition name="adminHomePage" extends="admin-base.definition">
		<put-attribute name="title" value="Admin Home" />
		<put-attribute name="body" value="/WEB-INF/admin/adminHomePage.jsp" />
	</definition>
	
	
	<definition name="error" extends="admin-base.definition">
		<put-attribute name="title" value="OOPS!!" />
		<put-attribute name="body" value="/WEB-INF/layouts/error.jsp" />
	</definition>
</tiles-definitions>