<?xml version="1.0" encoding="UTF-8"?>
<beans xmlns="http://www.springframework.org/schema/beans"
	xmlns:xsi="http://www.w3.org/2001/XMLSchema-instance" xmlns:context="http://www.springframework.org/schema/context"
	xmlns:tx="http://www.springframework.org/schema/tx" xmlns:p="http://www.springframework.org/schema/p"
	xmlns:mvc="http://www.springframework.org/schema/mvc"
	xsi:schemaLocation="http://www.springframework.org/schema/beans
    http://www.springframework.org/schema/beans/spring-beans-3.2.xsd
    http://www.springframework.org/schema/context  
    http://www.springframework.org/schema/context/spring-context-3.2.xsd
    http://www.springframework.org/schema/mvc
    http://www.springframework.org/schema/mvc/spring-mvc-3.2.xsd
    http://www.springframework.org/schema/tx
    http://www.springframework.org/schema/tx/spring-tx-3.2.xsd">

	<!-- this tag instructs spring container to load all the classes which are 
		annotated with @Controller in the specified package -->
	<context:component-scan base-package="com.myCollege.controllers" />
	<mvc:annotation-driven />



	<bean
		class="org.springframework.beans.factory.config.PropertyPlaceholderConfigurer">
		<property name="location"
			value="classpath:messages/db.properties" />
	</bean>

	<bean id="dataSource" class="org.apache.commons.dbcp.BasicDataSource">
		<property name="driverClassName" value="${DRIVER}" />
		<property name="url" value="${URL}" />
		<property name="username" value="${USERNAME}" />
	</bean>

	<bean id="sessionFactory"
		class="org.springframework.orm.hibernate3.annotation.AnnotationSessionFactoryBean">
		<property name="dataSource" ref="dataSource" />
		<property name="packagesToScan" value="com.myCollege.actors" />
		<property name="annotatedClasses">
			<list>
				<value>com.myCollege.actors.User</value>
				<value>com.myCollege.actors.Book</value>
				<value>com.myCollege.actors.Order</value>
				<value>com.myCollege.actors.Category</value>
				<value>com.myCollege.actors.Binding</value>
				<value>com.myCollege.actors.Address</value>
				<value>com.myCollege.actors.Quantity</value>
			</list>
		</property>
		<property name="hibernateProperties">
			<props>
				<prop key="hibernate.dialect">org.hibernate.dialect.MySQLDialect</prop>
				<prop key="hibernate.show_sql">true</prop>
				<prop key="hibernate.format_sql">true</prop>
				<prop key="hibernate.hbm2ddl.auto">update</prop>
			</props>
		</property>
	</bean>

	<bean id="hibernateTemplate" class="org.springframework.orm.hibernate3.HibernateTemplate">
		<property name="sessionFactory" ref="sessionFactory" />
	</bean>


	<bean id="transactionManager"
		class="org.springframework.orm.hibernate3.HibernateTransactionManager">
		<property name="sessionFactory" ref="sessionFactory" />
	</bean>

	<bean id="registerService" class="com.myCollege.service.accountImpl.RegisterServiceImpl" />

	<bean id="registerDao" class="com.myCollege.dao.accountImpl.RegisterDaoImpl">
		<property name="hibernateTemplate" ref="hibernateTemplate" />
	</bean>

	<bean id="loginService" class="com.myCollege.service.accountImpl.LoginServiceImpl" />

	<bean id="loginDao" class="com.myCollege.dao.accountImpl.LoginDaoImpl">
		<property name="hibernateTemplate" ref="hibernateTemplate" />
	</bean>

	<bean id="adminService" class="com.myCollege.service.adminImpl.AdminServiceImpl" />

	<bean id="adminDao" class="com.myCollege.dao.adminImpl.AdminDaoImpl">
		<property name="hibernateTemplate" ref="hibernateTemplate" />
	</bean>

	<bean id="searchService" class="com.myCollege.service.dashboardImpl.SearchServiceImpl" />

	<bean id="searchDao" class="com.myCollege.dao.dashboardImpl.SearchDaoImpl">
		<property name="hibernateTemplate" ref="hibernateTemplate" />
	</bean>

	<bean id="userValidator" class="com.myCollege.validators.UserValidator" />

</beans>