<?xml version="1.0" encoding="UTF-8"?>
<beans xmlns="http://www.springframework.org/schema/beans"
	xmlns:xsi="http://www.w3.org/2001/XMLSchema-instance" xmlns:context="http://www.springframework.org/schema/context"
	xmlns:tx="http://www.springframework.org/schema/tx" xmlns:p="http://www.springframework.org/schema/p"
	xmlns:mvc="http://www.springframework.org/schema/mvc"
	xsi:schemaLocation="http://www.springframework.org/schema/beans
    http://www.springframework.org/schema/beans/spring-beans-3.2.xsd
    http://www.springframework.org/schema/context  
    http://www.springframework.org/schema/context/spring-context-3.2.xsd
    http://www.springframework.org/schema/mvc
    http://www.springframework.org/schema/mvc/spring-mvc-3.2.xsd
    http://www.springframework.org/schema/tx
    http://www.springframework.org/schema/tx/spring-tx-3.2.xsd">

	<!-- this tag instructs spring container to load all the classes which are 
		annotated with @Controller in the specified package -->

	<context:component-scan base-package="com.myCollege.controllers" />
	<mvc:annotation-driven />
	<!-- this bean resolves a logical view-name to a physical view-file -->
	<!-- <bean class="org.springframework.web.servlet.view.InternalResourceViewResolver"> 
		<property name="prefix" value="/WEB-INF/pages/" /> <property name="suffix" 
		value=".jsp" /> </bean> -->


	<mvc:resources mapping="/images/**" location="/images/" />
	
	<bean id="viewResolver"
		class="org.springframework.web.servlet.view.UrlBasedViewResolver">
		<property name="viewClass">
			<value>
				org.springframework.web.servlet.view.tiles2.TilesView
			</value>
		</property>
	</bean>
	<bean id="tilesConfigurer"
		class="org.springframework.web.servlet.view.tiles2.TilesConfigurer">
		<property name="definitions">
			<list>
				<value>/WEB-INF/tiles.xml</value>
				<value>/WEB-INF/admin-tiles.xml</value>
			</list>
		</property>
	</bean>
	
	<bean class="org.springframework.web.servlet.view.json.MappingJacksonJsonView">
        <property name="prefixJson" value="true"/>
      </bean>

	<bean id="messageSource"
		class="org.springframework.context.support.ReloadableResourceBundleMessageSource">
		<property name="basename"
			value="classpath:messages/i18n/messages" />
		<property name="defaultEncoding" value="UTF-8" />
	</bean>
	<bean id="userValidator" class="com.myCollege.validators.UserValidator" />

</beans>