<?xml version="1.0" encoding="UTF-8" ?>
<!DOCTYPE tiles-definitions PUBLIC  
        "-//Apache Software Foundation//DTD Tiles Configuration 3.0//EN"  
        "http://tiles.apache.org/dtds/tiles-config_3_0.dtd">
<tiles-definitions>
	<definition name="base.definition" template="/WEB-INF/layouts/layout.jsp">
		<put-attribute name="title" value="" />
		<put-attribute name="header" value="/WEB-INF/layouts/header.jsp" />
		<put-attribute name="menu" value="/WEB-INF/layouts/menu.jsp" />
		<put-attribute name="body" value="" />
		<put-attribute name="footer" value="/WEB-INF/layouts/footer.jsp" />
	</definition>

	<definition name="dashboard" extends="base.definition">
		<put-attribute name="title" value="Dashboard" />
		<put-attribute name="body" value="/WEB-INF/home/dashboard.jsp" />
	</definition>

	<definition name="login" extends="base.definition">
		<put-attribute name="title" value="Dashboard" />
		<put-attribute name="body" value="/WEB-INF/account/login.jsp" />
	</definition>

	<definition name="register" extends="base.definition">
		<put-attribute name="title" value="Dashboard" />
		<put-attribute name="body" value="/WEB-INF/account/register.jsp" />
	</definition>


	<definition name="productView" extends="base.definition">
		<put-attribute name="title" value="Dashboard" />
		<put-attribute name="body" value="/WEB-INF/home/productView.jsp" />
	</definition>


	<definition name="orderPage" extends="base.definition">
		<put-attribute name="title" value="Order" />
		<put-attribute name="body" value="/WEB-INF/order/orderPage.jsp" />
	</definition>

	<definition name="addAddress" extends="base.definition">
		<put-attribute name="title" value="Add Address" />
		<put-attribute name="body" value="/WEB-INF/order/addAddress.jsp" />
	</definition>

	<definition name="showAddress" extends="base.definition">
		<put-attribute name="title" value="Add Address" />
		<put-attribute name="body" value="/WEB-INF/order/showAddress.jsp" />
	</definition>
	
	<definition name="categories" extends="base.definition">
		<put-attribute name="title" value="Category" />
		<put-attribute name="body" value="/WEB-INF/category/categories.jsp" />
	</definition>

	<definition name="success" extends="base.definition">
		<put-attribute name="title" value="Dashboard" />
		<put-attribute name="body" value="/WEB-INF/layouts/success.jsp" />
	</definition>

	<definition name="cartView" extends="base.definition">
		<put-attribute name="title" value="Dashboard" />
		<put-attribute name="body" value="/WEB-INF/order/cartView.jsp" />
	</definition>
	
</tiles-definitions>